Validation_Set,Topics,Alpha,Beta,Coherence
TF-IDF Corpus,2,0.1,0.1,-20.489074396739205
TF-IDF Corpus,2,0.1,0.30000000000000004,-20.489074396739205
TF-IDF Corpus,2,0.1,0.5000000000000001,-20.489074396739205
TF-IDF Corpus,2,0.1,0.7000000000000001,-20.489074396739205
TF-IDF Corpus,2,0.1,0.9000000000000001,-20.489074396739205
TF-IDF Corpus,2,0.2,0.1,-20.48789640465995
TF-IDF Corpus,2,0.2,0.30000000000000004,-20.48789640465995
TF-IDF Corpus,2,0.2,0.5000000000000001,-20.48789640465995
TF-IDF Corpus,2,0.2,0.7000000000000001,-20.48789640465995
TF-IDF Corpus,2,0.2,0.9000000000000001,-20.48789640465995
TF-IDF Corpus,2,0.30000000000000004,0.1,-20.54947693526963
TF-IDF Corpus,2,0.30000000000000004,0.30000000000000004,-20.54947693526963
TF-IDF Corpus,2,0.30000000000000004,0.5000000000000001,-20.54947693526963
TF-IDF Corpus,2,0.30000000000000004,0.7000000000000001,-20.54947693526963
TF-IDF Corpus,2,0.30000000000000004,0.9000000000000001,-20.54947693526963
TF-IDF Corpus,2,0.4,0.1,-20.563416842175783
TF-IDF Corpus,2,0.4,0.30000000000000004,-20.563416842175783
TF-IDF Corpus,2,0.4,0.5000000000000001,-20.563416842175783
TF-IDF Corpus,2,0.4,0.7000000000000001,-20.563416842175783
TF-IDF Corpus,2,0.4,0.9000000000000001,-20.563416842175783
TF-IDF Corpus,2,0.5,0.1,-20.55901106001395
TF-IDF Corpus,2,0.5,0.30000000000000004,-20.55901106001395
TF-IDF Corpus,2,0.5,0.5000000000000001,-20.55901106001395
TF-IDF Corpus,2,0.5,0.7000000000000001,-20.55901106001395
TF-IDF Corpus,2,0.5,0.9000000000000001,-20.55901106001395
TF-IDF Corpus,2,0.6,0.1,-20.45839998280031
TF-IDF Corpus,2,0.6,0.30000000000000004,-20.45839998280031
TF-IDF Corpus,2,0.6,0.5000000000000001,-20.45839998280031
TF-IDF Corpus,2,0.6,0.7000000000000001,-20.45839998280031
TF-IDF Corpus,2,0.6,0.9000000000000001,-20.45839998280031
TF-IDF Corpus,2,0.7000000000000001,0.1,-20.432933976094052
TF-IDF Corpus,2,0.7000000000000001,0.30000000000000004,-20.432933976094052
TF-IDF Corpus,2,0.7000000000000001,0.5000000000000001,-20.432933976094052
TF-IDF Corpus,2,0.7000000000000001,0.7000000000000001,-20.432933976094052
TF-IDF Corpus,2,0.7000000000000001,0.9000000000000001,-20.432933976094052
TF-IDF Corpus,2,0.8,0.1,-20.42093080584599
TF-IDF Corpus,2,0.8,0.30000000000000004,-20.42093080584599
TF-IDF Corpus,2,0.8,0.5000000000000001,-20.42093080584599
TF-IDF Corpus,2,0.8,0.7000000000000001,-20.42093080584599
TF-IDF Corpus,2,0.8,0.9000000000000001,-20.42093080584599
TF-IDF Corpus,2,0.9,0.1,-20.40635566531227
TF-IDF Corpus,2,0.9,0.30000000000000004,-20.40635566531227
TF-IDF Corpus,2,0.9,0.5000000000000001,-20.40635566531227
TF-IDF Corpus,2,0.9,0.7000000000000001,-20.40635566531227
TF-IDF Corpus,2,0.9,0.9000000000000001,-20.40635566531227
TF-IDF Corpus,3,0.1,0.1,-20.39415115075996
TF-IDF Corpus,3,0.1,0.30000000000000004,-20.39415115075996
TF-IDF Corpus,3,0.1,0.5000000000000001,-20.39415115075996
TF-IDF Corpus,3,0.1,0.7000000000000001,-20.39415115075996
TF-IDF Corpus,3,0.1,0.9000000000000001,-20.39415115075996
TF-IDF Corpus,3,0.2,0.1,-20.175504902182634
TF-IDF Corpus,3,0.2,0.30000000000000004,-20.175504902182634
TF-IDF Corpus,3,0.2,0.5000000000000001,-20.175504902182634
TF-IDF Corpus,3,0.2,0.7000000000000001,-20.175504902182634
TF-IDF Corpus,3,0.2,0.9000000000000001,-20.175504902182634
TF-IDF Corpus,3,0.30000000000000004,0.1,-19.980105028825903
TF-IDF Corpus,3,0.30000000000000004,0.30000000000000004,-19.980105028825903
TF-IDF Corpus,3,0.30000000000000004,0.5000000000000001,-19.980105028825903
TF-IDF Corpus,3,0.30000000000000004,0.7000000000000001,-19.980105028825903
TF-IDF Corpus,3,0.30000000000000004,0.9000000000000001,-19.980105028825903
TF-IDF Corpus,3,0.4,0.1,-20.16926527062499
TF-IDF Corpus,3,0.4,0.30000000000000004,-20.16926527062499
TF-IDF Corpus,3,0.4,0.5000000000000001,-20.16926527062499
TF-IDF Corpus,3,0.4,0.7000000000000001,-20.16926527062499
TF-IDF Corpus,3,0.4,0.9000000000000001,-20.16926527062499
TF-IDF Corpus,3,0.5,0.1,-20.294906143629465
TF-IDF Corpus,3,0.5,0.30000000000000004,-20.294906143629465
TF-IDF Corpus,3,0.5,0.5000000000000001,-20.294906143629465
TF-IDF Corpus,3,0.5,0.7000000000000001,-20.294906143629465
TF-IDF Corpus,3,0.5,0.9000000000000001,-20.294906143629465
TF-IDF Corpus,3,0.6,0.1,-20.23629191510349
TF-IDF Corpus,3,0.6,0.30000000000000004,-20.23629191510349
TF-IDF Corpus,3,0.6,0.5000000000000001,-20.23629191510349
TF-IDF Corpus,3,0.6,0.7000000000000001,-20.23629191510349
TF-IDF Corpus,3,0.6,0.9000000000000001,-20.23629191510349
TF-IDF Corpus,3,0.7000000000000001,0.1,-20.2350702614381
TF-IDF Corpus,3,0.7000000000000001,0.30000000000000004,-20.2350702614381
TF-IDF Corpus,3,0.7000000000000001,0.5000000000000001,-20.2350702614381
TF-IDF Corpus,3,0.7000000000000001,0.7000000000000001,-20.2350702614381
TF-IDF Corpus,3,0.7000000000000001,0.9000000000000001,-20.2350702614381
TF-IDF Corpus,3,0.8,0.1,-20.197583205778514
TF-IDF Corpus,3,0.8,0.30000000000000004,-20.197583205778514
TF-IDF Corpus,3,0.8,0.5000000000000001,-20.197583205778514
TF-IDF Corpus,3,0.8,0.7000000000000001,-20.197583205778514
TF-IDF Corpus,3,0.8,0.9000000000000001,-20.197583205778514
TF-IDF Corpus,3,0.9,0.1,-20.293095829354485
TF-IDF Corpus,3,0.9,0.30000000000000004,-20.293095829354485
TF-IDF Corpus,3,0.9,0.5000000000000001,-20.293095829354485
TF-IDF Corpus,3,0.9,0.7000000000000001,-20.293095829354485
TF-IDF Corpus,3,0.9,0.9000000000000001,-20.293095829354485
TF-IDF Corpus,4,0.1,0.1,-20.092787930003443
TF-IDF Corpus,4,0.1,0.30000000000000004,-20.092787930003443
TF-IDF Corpus,4,0.1,0.5000000000000001,-20.092787930003443
TF-IDF Corpus,4,0.1,0.7000000000000001,-20.092787930003443
TF-IDF Corpus,4,0.1,0.9000000000000001,-20.092787930003443
TF-IDF Corpus,4,0.2,0.1,-20.118521046776742
TF-IDF Corpus,4,0.2,0.30000000000000004,-20.118521046776742
TF-IDF Corpus,4,0.2,0.5000000000000001,-20.118521046776742
TF-IDF Corpus,4,0.2,0.7000000000000001,-20.118521046776742
TF-IDF Corpus,4,0.2,0.9000000000000001,-20.118521046776742
TF-IDF Corpus,4,0.30000000000000004,0.1,-20.18676052863121
TF-IDF Corpus,4,0.30000000000000004,0.30000000000000004,-20.18676052863121
TF-IDF Corpus,4,0.30000000000000004,0.5000000000000001,-20.18676052863121
TF-IDF Corpus,4,0.30000000000000004,0.7000000000000001,-20.18676052863121
TF-IDF Corpus,4,0.30000000000000004,0.9000000000000001,-20.18676052863121
TF-IDF Corpus,4,0.4,0.1,-20.31655576221769
TF-IDF Corpus,4,0.4,0.30000000000000004,-20.31655576221769
TF-IDF Corpus,4,0.4,0.5000000000000001,-20.31655576221769
TF-IDF Corpus,4,0.4,0.7000000000000001,-20.31655576221769
TF-IDF Corpus,4,0.4,0.9000000000000001,-20.31655576221769
TF-IDF Corpus,4,0.5,0.1,-20.362012729580712
TF-IDF Corpus,4,0.5,0.30000000000000004,-20.362012729580712
TF-IDF Corpus,4,0.5,0.5000000000000001,-20.362012729580712
TF-IDF Corpus,4,0.5,0.7000000000000001,-20.362012729580712
TF-IDF Corpus,4,0.5,0.9000000000000001,-20.362012729580712
TF-IDF Corpus,4,0.6,0.1,-20.252131013150876
TF-IDF Corpus,4,0.6,0.30000000000000004,-20.252131013150876
TF-IDF Corpus,4,0.6,0.5000000000000001,-20.252131013150876
TF-IDF Corpus,4,0.6,0.7000000000000001,-20.252131013150876
TF-IDF Corpus,4,0.6,0.9000000000000001,-20.252131013150876
TF-IDF Corpus,4,0.7000000000000001,0.1,-20.317935369375757
TF-IDF Corpus,4,0.7000000000000001,0.30000000000000004,-20.317935369375757
TF-IDF Corpus,4,0.7000000000000001,0.5000000000000001,-20.317935369375757
TF-IDF Corpus,4,0.7000000000000001,0.7000000000000001,-20.317935369375757
TF-IDF Corpus,4,0.7000000000000001,0.9000000000000001,-20.317935369375757
TF-IDF Corpus,4,0.8,0.1,-20.327418772172283
TF-IDF Corpus,4,0.8,0.30000000000000004,-20.327418772172283
TF-IDF Corpus,4,0.8,0.5000000000000001,-20.327418772172283
TF-IDF Corpus,4,0.8,0.7000000000000001,-20.327418772172283
TF-IDF Corpus,4,0.8,0.9000000000000001,-20.327418772172283
TF-IDF Corpus,4,0.9,0.1,-20.340404083023635
TF-IDF Corpus,4,0.9,0.30000000000000004,-20.340404083023635
TF-IDF Corpus,4,0.9,0.5000000000000001,-20.340404083023635
TF-IDF Corpus,4,0.9,0.7000000000000001,-20.340404083023635
TF-IDF Corpus,4,0.9,0.9000000000000001,-20.340404083023635
TF-IDF Corpus,5,0.1,0.1,-20.012217069767882
TF-IDF Corpus,5,0.1,0.30000000000000004,-20.012217069767882
TF-IDF Corpus,5,0.1,0.5000000000000001,-20.012217069767882
TF-IDF Corpus,5,0.1,0.7000000000000001,-20.012217069767882
TF-IDF Corpus,5,0.1,0.9000000000000001,-20.012217069767882
TF-IDF Corpus,5,0.2,0.1,-20.08140146134648
TF-IDF Corpus,5,0.2,0.30000000000000004,-20.08140146134648
TF-IDF Corpus,5,0.2,0.5000000000000001,-20.08140146134648
TF-IDF Corpus,5,0.2,0.7000000000000001,-20.08140146134648
TF-IDF Corpus,5,0.2,0.9000000000000001,-20.08140146134648
TF-IDF Corpus,5,0.30000000000000004,0.1,-20.249203659542566
TF-IDF Corpus,5,0.30000000000000004,0.30000000000000004,-20.249203659542566
TF-IDF Corpus,5,0.30000000000000004,0.5000000000000001,-20.249203659542566
TF-IDF Corpus,5,0.30000000000000004,0.7000000000000001,-20.249203659542566
TF-IDF Corpus,5,0.30000000000000004,0.9000000000000001,-20.249203659542566
TF-IDF Corpus,5,0.4,0.1,-20.1709704370687
TF-IDF Corpus,5,0.4,0.30000000000000004,-20.1709704370687
TF-IDF Corpus,5,0.4,0.5000000000000001,-20.1709704370687
TF-IDF Corpus,5,0.4,0.7000000000000001,-20.1709704370687
TF-IDF Corpus,5,0.4,0.9000000000000001,-20.1709704370687
TF-IDF Corpus,5,0.5,0.1,-20.214668961718452
TF-IDF Corpus,5,0.5,0.30000000000000004,-20.214668961718452
TF-IDF Corpus,5,0.5,0.5000000000000001,-20.214668961718452
TF-IDF Corpus,5,0.5,0.7000000000000001,-20.214668961718452
TF-IDF Corpus,5,0.5,0.9000000000000001,-20.214668961718452
TF-IDF Corpus,5,0.6,0.1,-20.277863233783307
TF-IDF Corpus,5,0.6,0.30000000000000004,-20.277863233783307
TF-IDF Corpus,5,0.6,0.5000000000000001,-20.277863233783307
TF-IDF Corpus,5,0.6,0.7000000000000001,-20.277863233783307
TF-IDF Corpus,5,0.6,0.9000000000000001,-20.277863233783307
TF-IDF Corpus,5,0.7000000000000001,0.1,-20.329717144043364
TF-IDF Corpus,5,0.7000000000000001,0.30000000000000004,-20.329717144043364
TF-IDF Corpus,5,0.7000000000000001,0.5000000000000001,-20.329717144043364
TF-IDF Corpus,5,0.7000000000000001,0.7000000000000001,-20.329717144043364
TF-IDF Corpus,5,0.7000000000000001,0.9000000000000001,-20.329717144043364
TF-IDF Corpus,5,0.8,0.1,-20.371063432192358
TF-IDF Corpus,5,0.8,0.30000000000000004,-20.371063432192358
TF-IDF Corpus,5,0.8,0.5000000000000001,-20.371063432192358
TF-IDF Corpus,5,0.8,0.7000000000000001,-20.371063432192358
TF-IDF Corpus,5,0.8,0.9000000000000001,-20.371063432192358
TF-IDF Corpus,5,0.9,0.1,-20.369794081066665
TF-IDF Corpus,5,0.9,0.30000000000000004,-20.369794081066665
TF-IDF Corpus,5,0.9,0.5000000000000001,-20.369794081066665
TF-IDF Corpus,5,0.9,0.7000000000000001,-20.369794081066665
TF-IDF Corpus,5,0.9,0.9000000000000001,-20.369794081066665
TF-IDF Corpus,6,0.1,0.1,-20.101630876510796
TF-IDF Corpus,6,0.1,0.30000000000000004,-20.101630876510796
TF-IDF Corpus,6,0.1,0.5000000000000001,-20.101630876510796
TF-IDF Corpus,6,0.1,0.7000000000000001,-20.101630876510796
TF-IDF Corpus,6,0.1,0.9000000000000001,-20.101630876510796
TF-IDF Corpus,6,0.2,0.1,-20.206987498679684
TF-IDF Corpus,6,0.2,0.30000000000000004,-20.206987498679684
TF-IDF Corpus,6,0.2,0.5000000000000001,-20.206987498679684
TF-IDF Corpus,6,0.2,0.7000000000000001,-20.206987498679684
TF-IDF Corpus,6,0.2,0.9000000000000001,-20.206987498679684
TF-IDF Corpus,6,0.30000000000000004,0.1,-20.15281459982854
TF-IDF Corpus,6,0.30000000000000004,0.30000000000000004,-20.15281459982854
TF-IDF Corpus,6,0.30000000000000004,0.5000000000000001,-20.15281459982854
TF-IDF Corpus,6,0.30000000000000004,0.7000000000000001,-20.15281459982854
TF-IDF Corpus,6,0.30000000000000004,0.9000000000000001,-20.15281459982854
TF-IDF Corpus,6,0.4,0.1,-20.359981594361958
TF-IDF Corpus,6,0.4,0.30000000000000004,-20.359981594361958
TF-IDF Corpus,6,0.4,0.5000000000000001,-20.359981594361958
TF-IDF Corpus,6,0.4,0.7000000000000001,-20.359981594361958
TF-IDF Corpus,6,0.4,0.9000000000000001,-20.359981594361958
TF-IDF Corpus,6,0.5,0.1,-20.320969781415968
TF-IDF Corpus,6,0.5,0.30000000000000004,-20.320969781415968
TF-IDF Corpus,6,0.5,0.5000000000000001,-20.320969781415968
TF-IDF Corpus,6,0.5,0.7000000000000001,-20.320969781415968
TF-IDF Corpus,6,0.5,0.9000000000000001,-20.320969781415968
TF-IDF Corpus,6,0.6,0.1,-20.310784119897694
TF-IDF Corpus,6,0.6,0.30000000000000004,-20.310784119897694
TF-IDF Corpus,6,0.6,0.5000000000000001,-20.310784119897694
TF-IDF Corpus,6,0.6,0.7000000000000001,-20.310784119897694
TF-IDF Corpus,6,0.6,0.9000000000000001,-20.310784119897694
TF-IDF Corpus,6,0.7000000000000001,0.1,-20.275102386660297
TF-IDF Corpus,6,0.7000000000000001,0.30000000000000004,-20.275102386660297
TF-IDF Corpus,6,0.7000000000000001,0.5000000000000001,-20.275102386660297
TF-IDF Corpus,6,0.7000000000000001,0.7000000000000001,-20.275102386660297
TF-IDF Corpus,6,0.7000000000000001,0.9000000000000001,-20.275102386660297
TF-IDF Corpus,6,0.8,0.1,-20.32074964478113
TF-IDF Corpus,6,0.8,0.30000000000000004,-20.32074964478113
TF-IDF Corpus,6,0.8,0.5000000000000001,-20.32074964478113
TF-IDF Corpus,6,0.8,0.7000000000000001,-20.32074964478113
TF-IDF Corpus,6,0.8,0.9000000000000001,-20.32074964478113
TF-IDF Corpus,6,0.9,0.1,-20.321718612492834
TF-IDF Corpus,6,0.9,0.30000000000000004,-20.321718612492834
TF-IDF Corpus,6,0.9,0.5000000000000001,-20.321718612492834
TF-IDF Corpus,6,0.9,0.7000000000000001,-20.321718612492834
TF-IDF Corpus,6,0.9,0.9000000000000001,-20.321718612492834
TF-IDF Corpus,7,0.1,0.1,-20.02228098513306
TF-IDF Corpus,7,0.1,0.30000000000000004,-20.02228098513306
TF-IDF Corpus,7,0.1,0.5000000000000001,-20.02228098513306
TF-IDF Corpus,7,0.1,0.7000000000000001,-20.02228098513306
TF-IDF Corpus,7,0.1,0.9000000000000001,-20.02228098513306
TF-IDF Corpus,7,0.2,0.1,-20.275936426988103
TF-IDF Corpus,7,0.2,0.30000000000000004,-20.275936426988103
TF-IDF Corpus,7,0.2,0.5000000000000001,-20.275936426988103
TF-IDF Corpus,7,0.2,0.7000000000000001,-20.275936426988103
TF-IDF Corpus,7,0.2,0.9000000000000001,-20.275936426988103
TF-IDF Corpus,7,0.30000000000000004,0.1,-20.380129610966772
TF-IDF Corpus,7,0.30000000000000004,0.30000000000000004,-20.380129610966772
TF-IDF Corpus,7,0.30000000000000004,0.5000000000000001,-20.380129610966772
TF-IDF Corpus,7,0.30000000000000004,0.7000000000000001,-20.380129610966772
TF-IDF Corpus,7,0.30000000000000004,0.9000000000000001,-20.380129610966772
TF-IDF Corpus,7,0.4,0.1,-20.223676474996186
TF-IDF Corpus,7,0.4,0.30000000000000004,-20.223676474996186
TF-IDF Corpus,7,0.4,0.5000000000000001,-20.223676474996186
TF-IDF Corpus,7,0.4,0.7000000000000001,-20.223676474996186
TF-IDF Corpus,7,0.4,0.9000000000000001,-20.223676474996186
TF-IDF Corpus,7,0.5,0.1,-20.360553030736476
TF-IDF Corpus,7,0.5,0.30000000000000004,-20.360553030736476
TF-IDF Corpus,7,0.5,0.5000000000000001,-20.360553030736476
TF-IDF Corpus,7,0.5,0.7000000000000001,-20.360553030736476
TF-IDF Corpus,7,0.5,0.9000000000000001,-20.360553030736476
TF-IDF Corpus,7,0.6,0.1,-20.305881560332658
TF-IDF Corpus,7,0.6,0.30000000000000004,-20.305881560332658
TF-IDF Corpus,7,0.6,0.5000000000000001,-20.305881560332658
TF-IDF Corpus,7,0.6,0.7000000000000001,-20.305881560332658
TF-IDF Corpus,7,0.6,0.9000000000000001,-20.305881560332658
TF-IDF Corpus,7,0.7000000000000001,0.1,-20.308186604248046
TF-IDF Corpus,7,0.7000000000000001,0.30000000000000004,-20.308186604248046
TF-IDF Corpus,7,0.7000000000000001,0.5000000000000001,-20.308186604248046
TF-IDF Corpus,7,0.7000000000000001,0.7000000000000001,-20.308186604248046
TF-IDF Corpus,7,0.7000000000000001,0.9000000000000001,-20.308186604248046
TF-IDF Corpus,7,0.8,0.1,-20.309165666397217
TF-IDF Corpus,7,0.8,0.30000000000000004,-20.309165666397217
TF-IDF Corpus,7,0.8,0.5000000000000001,-20.309165666397217
TF-IDF Corpus,7,0.8,0.7000000000000001,-20.309165666397217
TF-IDF Corpus,7,0.8,0.9000000000000001,-20.309165666397217
TF-IDF Corpus,7,0.9,0.1,-20.277867214185342
TF-IDF Corpus,7,0.9,0.30000000000000004,-20.277867214185342
TF-IDF Corpus,7,0.9,0.5000000000000001,-20.277867214185342
TF-IDF Corpus,7,0.9,0.7000000000000001,-20.277867214185342
TF-IDF Corpus,7,0.9,0.9000000000000001,-20.277867214185342
TF-IDF Corpus,8,0.1,0.1,-20.101180606217618
TF-IDF Corpus,8,0.1,0.30000000000000004,-20.101180606217618
TF-IDF Corpus,8,0.1,0.5000000000000001,-20.101180606217618
TF-IDF Corpus,8,0.1,0.7000000000000001,-20.101180606217618
TF-IDF Corpus,8,0.1,0.9000000000000001,-20.101180606217618
TF-IDF Corpus,8,0.2,0.1,-20.207793045221276
TF-IDF Corpus,8,0.2,0.30000000000000004,-20.207793045221276
TF-IDF Corpus,8,0.2,0.5000000000000001,-20.207793045221276
TF-IDF Corpus,8,0.2,0.7000000000000001,-20.207793045221276
TF-IDF Corpus,8,0.2,0.9000000000000001,-20.207793045221276
TF-IDF Corpus,8,0.30000000000000004,0.1,-20.257360346899638
TF-IDF Corpus,8,0.30000000000000004,0.30000000000000004,-20.257360346899638
TF-IDF Corpus,8,0.30000000000000004,0.5000000000000001,-20.257360346899638
TF-IDF Corpus,8,0.30000000000000004,0.7000000000000001,-20.257360346899638
TF-IDF Corpus,8,0.30000000000000004,0.9000000000000001,-20.257360346899638
TF-IDF Corpus,8,0.4,0.1,-20.19597834691818
TF-IDF Corpus,8,0.4,0.30000000000000004,-20.19597834691818
TF-IDF Corpus,8,0.4,0.5000000000000001,-20.19597834691818
TF-IDF Corpus,8,0.4,0.7000000000000001,-20.19597834691818
TF-IDF Corpus,8,0.4,0.9000000000000001,-20.19597834691818
TF-IDF Corpus,8,0.5,0.1,-20.189596288366374
TF-IDF Corpus,8,0.5,0.30000000000000004,-20.189596288366374
TF-IDF Corpus,8,0.5,0.5000000000000001,-20.189596288366374
TF-IDF Corpus,8,0.5,0.7000000000000001,-20.189596288366374
TF-IDF Corpus,8,0.5,0.9000000000000001,-20.189596288366374
TF-IDF Corpus,8,0.6,0.1,-20.300606106828084
TF-IDF Corpus,8,0.6,0.30000000000000004,-20.300606106828084
TF-IDF Corpus,8,0.6,0.5000000000000001,-20.300606106828084
TF-IDF Corpus,8,0.6,0.7000000000000001,-20.300606106828084
TF-IDF Corpus,8,0.6,0.9000000000000001,-20.300606106828084
TF-IDF Corpus,8,0.7000000000000001,0.1,-20.256597046409432
TF-IDF Corpus,8,0.7000000000000001,0.30000000000000004,-20.256597046409432
TF-IDF Corpus,8,0.7000000000000001,0.5000000000000001,-20.256597046409432
TF-IDF Corpus,8,0.7000000000000001,0.7000000000000001,-20.256597046409432
TF-IDF Corpus,8,0.7000000000000001,0.9000000000000001,-20.256597046409432
TF-IDF Corpus,8,0.8,0.1,-20.2960567817461
TF-IDF Corpus,8,0.8,0.30000000000000004,-20.2960567817461
TF-IDF Corpus,8,0.8,0.5000000000000001,-20.2960567817461
TF-IDF Corpus,8,0.8,0.7000000000000001,-20.2960567817461
TF-IDF Corpus,8,0.8,0.9000000000000001,-20.2960567817461
TF-IDF Corpus,8,0.9,0.1,-20.28796576746522
TF-IDF Corpus,8,0.9,0.30000000000000004,-20.28796576746522
TF-IDF Corpus,8,0.9,0.5000000000000001,-20.28796576746522
TF-IDF Corpus,8,0.9,0.7000000000000001,-20.28796576746522
TF-IDF Corpus,8,0.9,0.9000000000000001,-20.28796576746522
TF-IDF Corpus,9,0.1,0.1,-20.212751672915036
TF-IDF Corpus,9,0.1,0.30000000000000004,-20.212751672915036
TF-IDF Corpus,9,0.1,0.5000000000000001,-20.212751672915036
TF-IDF Corpus,9,0.1,0.7000000000000001,-20.212751672915036
TF-IDF Corpus,9,0.1,0.9000000000000001,-20.212751672915036
TF-IDF Corpus,9,0.2,0.1,-20.182389299924566
TF-IDF Corpus,9,0.2,0.30000000000000004,-20.182389299924566
TF-IDF Corpus,9,0.2,0.5000000000000001,-20.182389299924566
TF-IDF Corpus,9,0.2,0.7000000000000001,-20.182389299924566
TF-IDF Corpus,9,0.2,0.9000000000000001,-20.182389299924566
TF-IDF Corpus,9,0.30000000000000004,0.1,-20.080230373677768
TF-IDF Corpus,9,0.30000000000000004,0.30000000000000004,-20.080230373677768
TF-IDF Corpus,9,0.30000000000000004,0.5000000000000001,-20.080230373677768
TF-IDF Corpus,9,0.30000000000000004,0.7000000000000001,-20.080230373677768
TF-IDF Corpus,9,0.30000000000000004,0.9000000000000001,-20.080230373677768
TF-IDF Corpus,9,0.4,0.1,-20.228726656790357
TF-IDF Corpus,9,0.4,0.30000000000000004,-20.228726656790357
TF-IDF Corpus,9,0.4,0.5000000000000001,-20.228726656790357
TF-IDF Corpus,9,0.4,0.7000000000000001,-20.228726656790357
TF-IDF Corpus,9,0.4,0.9000000000000001,-20.228726656790357
TF-IDF Corpus,9,0.5,0.1,-20.222422333949005
TF-IDF Corpus,9,0.5,0.30000000000000004,-20.222422333949005
TF-IDF Corpus,9,0.5,0.5000000000000001,-20.222422333949005
TF-IDF Corpus,9,0.5,0.7000000000000001,-20.222422333949005
TF-IDF Corpus,9,0.5,0.9000000000000001,-20.222422333949005
TF-IDF Corpus,9,0.6,0.1,-20.321097819748346
TF-IDF Corpus,9,0.6,0.30000000000000004,-20.321097819748346
TF-IDF Corpus,9,0.6,0.5000000000000001,-20.321097819748346
TF-IDF Corpus,9,0.6,0.7000000000000001,-20.321097819748346
TF-IDF Corpus,9,0.6,0.9000000000000001,-20.321097819748346
TF-IDF Corpus,9,0.7000000000000001,0.1,-20.391433044177344
TF-IDF Corpus,9,0.7000000000000001,0.30000000000000004,-20.391433044177344
TF-IDF Corpus,9,0.7000000000000001,0.5000000000000001,-20.391433044177344
TF-IDF Corpus,9,0.7000000000000001,0.7000000000000001,-20.391433044177344
TF-IDF Corpus,9,0.7000000000000001,0.9000000000000001,-20.391433044177344
TF-IDF Corpus,9,0.8,0.1,-20.365115508887474
TF-IDF Corpus,9,0.8,0.30000000000000004,-20.365115508887474
TF-IDF Corpus,9,0.8,0.5000000000000001,-20.365115508887474
TF-IDF Corpus,9,0.8,0.7000000000000001,-20.365115508887474
TF-IDF Corpus,9,0.8,0.9000000000000001,-20.365115508887474
TF-IDF Corpus,9,0.9,0.1,-20.32502063381366
TF-IDF Corpus,9,0.9,0.30000000000000004,-20.32502063381366
TF-IDF Corpus,9,0.9,0.5000000000000001,-20.32502063381366
TF-IDF Corpus,9,0.9,0.7000000000000001,-20.32502063381366
TF-IDF Corpus,9,0.9,0.9000000000000001,-20.32502063381366
BoW Corpus,2,0.1,0.1,-18.987507439296415
BoW Corpus,2,0.1,0.30000000000000004,-18.987507439296415
BoW Corpus,2,0.1,0.5000000000000001,-18.987507439296415
BoW Corpus,2,0.1,0.7000000000000001,-18.987507439296415
BoW Corpus,2,0.1,0.9000000000000001,-18.987507439296415
BoW Corpus,2,0.2,0.1,-18.987507439296415
BoW Corpus,2,0.2,0.30000000000000004,-18.987507439296415
BoW Corpus,2,0.2,0.5000000000000001,-18.987507439296415
BoW Corpus,2,0.2,0.7000000000000001,-18.987507439296415
BoW Corpus,2,0.2,0.9000000000000001,-18.987507439296415
BoW Corpus,2,0.30000000000000004,0.1,-18.987507439296415
BoW Corpus,2,0.30000000000000004,0.30000000000000004,-18.987507439296415
BoW Corpus,2,0.30000000000000004,0.5000000000000001,-18.987507439296415
BoW Corpus,2,0.30000000000000004,0.7000000000000001,-18.987507439296415
BoW Corpus,2,0.30000000000000004,0.9000000000000001,-18.987507439296415
BoW Corpus,2,0.4,0.1,-18.987507439296415
BoW Corpus,2,0.4,0.30000000000000004,-18.987507439296415
BoW Corpus,2,0.4,0.5000000000000001,-18.987507439296415
BoW Corpus,2,0.4,0.7000000000000001,-18.987507439296415
BoW Corpus,2,0.4,0.9000000000000001,-18.987507439296415
BoW Corpus,2,0.5,0.1,-18.987507439296415
BoW Corpus,2,0.5,0.30000000000000004,-18.987507439296415
BoW Corpus,2,0.5,0.5000000000000001,-18.987507439296415
BoW Corpus,2,0.5,0.7000000000000001,-18.987507439296415
BoW Corpus,2,0.5,0.9000000000000001,-18.987507439296415
BoW Corpus,2,0.6,0.1,-18.987507439296415
BoW Corpus,2,0.6,0.30000000000000004,-18.987507439296415
BoW Corpus,2,0.6,0.5000000000000001,-18.987507439296415
BoW Corpus,2,0.6,0.7000000000000001,-18.987507439296415
BoW Corpus,2,0.6,0.9000000000000001,-18.987507439296415
BoW Corpus,2,0.7000000000000001,0.1,-18.98340705872261
BoW Corpus,2,0.7000000000000001,0.30000000000000004,-18.98340705872261
BoW Corpus,2,0.7000000000000001,0.5000000000000001,-18.98340705872261
BoW Corpus,2,0.7000000000000001,0.7000000000000001,-18.98340705872261
BoW Corpus,2,0.7000000000000001,0.9000000000000001,-18.98340705872261
BoW Corpus,2,0.8,0.1,-18.98340705872261
BoW Corpus,2,0.8,0.30000000000000004,-18.98340705872261
BoW Corpus,2,0.8,0.5000000000000001,-18.98340705872261
BoW Corpus,2,0.8,0.7000000000000001,-18.98340705872261
BoW Corpus,2,0.8,0.9000000000000001,-18.98340705872261
BoW Corpus,2,0.9,0.1,-18.98340705872261
BoW Corpus,2,0.9,0.30000000000000004,-18.98340705872261
BoW Corpus,2,0.9,0.5000000000000001,-18.98340705872261
BoW Corpus,2,0.9,0.7000000000000001,-18.98340705872261
BoW Corpus,2,0.9,0.9000000000000001,-18.98340705872261
BoW Corpus,3,0.1,0.1,-19.234942254585402
BoW Corpus,3,0.1,0.30000000000000004,-19.234942254585402
BoW Corpus,3,0.1,0.5000000000000001,-19.234942254585402
BoW Corpus,3,0.1,0.7000000000000001,-19.234942254585402
BoW Corpus,3,0.1,0.9000000000000001,-19.234942254585402
BoW Corpus,3,0.2,0.1,-19.232195526006848
BoW Corpus,3,0.2,0.30000000000000004,-19.232195526006848
BoW Corpus,3,0.2,0.5000000000000001,-19.232195526006848
BoW Corpus,3,0.2,0.7000000000000001,-19.232195526006848
BoW Corpus,3,0.2,0.9000000000000001,-19.232195526006848
BoW Corpus,3,0.30000000000000004,0.1,-19.232195526006848
BoW Corpus,3,0.30000000000000004,0.30000000000000004,-19.232195526006848
BoW Corpus,3,0.30000000000000004,0.5000000000000001,-19.232195526006848
BoW Corpus,3,0.30000000000000004,0.7000000000000001,-19.232195526006848
BoW Corpus,3,0.30000000000000004,0.9000000000000001,-19.232195526006848
BoW Corpus,3,0.4,0.1,-19.232195526006848
BoW Corpus,3,0.4,0.30000000000000004,-19.232195526006848
BoW Corpus,3,0.4,0.5000000000000001,-19.232195526006848
BoW Corpus,3,0.4,0.7000000000000001,-19.232195526006848
BoW Corpus,3,0.4,0.9000000000000001,-19.232195526006848
BoW Corpus,3,0.5,0.1,-19.235375137860235
BoW Corpus,3,0.5,0.30000000000000004,-19.235375137860235
BoW Corpus,3,0.5,0.5000000000000001,-19.235375137860235
BoW Corpus,3,0.5,0.7000000000000001,-19.235375137860235
BoW Corpus,3,0.5,0.9000000000000001,-19.235375137860235
BoW Corpus,3,0.6,0.1,-19.235375137860235
BoW Corpus,3,0.6,0.30000000000000004,-19.235375137860235
BoW Corpus,3,0.6,0.5000000000000001,-19.235375137860235
BoW Corpus,3,0.6,0.7000000000000001,-19.235375137860235
BoW Corpus,3,0.6,0.9000000000000001,-19.235375137860235
BoW Corpus,3,0.7000000000000001,0.1,-19.235545600576824
BoW Corpus,3,0.7000000000000001,0.30000000000000004,-19.235545600576824
BoW Corpus,3,0.7000000000000001,0.5000000000000001,-19.235545600576824
BoW Corpus,3,0.7000000000000001,0.7000000000000001,-19.235545600576824
BoW Corpus,3,0.7000000000000001,0.9000000000000001,-19.235545600576824
BoW Corpus,3,0.8,0.1,-19.235545600576824
BoW Corpus,3,0.8,0.30000000000000004,-19.235545600576824
BoW Corpus,3,0.8,0.5000000000000001,-19.235545600576824
BoW Corpus,3,0.8,0.7000000000000001,-19.235545600576824
BoW Corpus,3,0.8,0.9000000000000001,-19.235545600576824
BoW Corpus,3,0.9,0.1,-19.235545600576824
BoW Corpus,3,0.9,0.30000000000000004,-19.235545600576824
BoW Corpus,3,0.9,0.5000000000000001,-19.235545600576824
BoW Corpus,3,0.9,0.7000000000000001,-19.235545600576824
BoW Corpus,3,0.9,0.9000000000000001,-19.235545600576824
BoW Corpus,4,0.1,0.1,-19.408348606483145
BoW Corpus,4,0.1,0.30000000000000004,-19.408348606483145
BoW Corpus,4,0.1,0.5000000000000001,-19.408348606483145
BoW Corpus,4,0.1,0.7000000000000001,-19.408348606483145
BoW Corpus,4,0.1,0.9000000000000001,-19.408348606483145
BoW Corpus,4,0.2,0.1,-19.431749718251922
BoW Corpus,4,0.2,0.30000000000000004,-19.431749718251922
BoW Corpus,4,0.2,0.5000000000000001,-19.431749718251922
BoW Corpus,4,0.2,0.7000000000000001,-19.431749718251922
BoW Corpus,4,0.2,0.9000000000000001,-19.431749718251922
BoW Corpus,4,0.30000000000000004,0.1,-19.505029039064816
BoW Corpus,4,0.30000000000000004,0.30000000000000004,-19.505029039064816
BoW Corpus,4,0.30000000000000004,0.5000000000000001,-19.505029039064816
BoW Corpus,4,0.30000000000000004,0.7000000000000001,-19.505029039064816
BoW Corpus,4,0.30000000000000004,0.9000000000000001,-19.505029039064816
BoW Corpus,4,0.4,0.1,-19.505801668805017
BoW Corpus,4,0.4,0.30000000000000004,-19.505801668805017
BoW Corpus,4,0.4,0.5000000000000001,-19.505801668805017
BoW Corpus,4,0.4,0.7000000000000001,-19.505801668805017
BoW Corpus,4,0.4,0.9000000000000001,-19.505801668805017
BoW Corpus,4,0.5,0.1,-19.505801668805017
BoW Corpus,4,0.5,0.30000000000000004,-19.505801668805017
BoW Corpus,4,0.5,0.5000000000000001,-19.505801668805017
BoW Corpus,4,0.5,0.7000000000000001,-19.505801668805017
BoW Corpus,4,0.5,0.9000000000000001,-19.505801668805017
BoW Corpus,4,0.6,0.1,-19.50595664648351
BoW Corpus,4,0.6,0.30000000000000004,-19.50595664648351
BoW Corpus,4,0.6,0.5000000000000001,-19.50595664648351
BoW Corpus,4,0.6,0.7000000000000001,-19.50595664648351
BoW Corpus,4,0.6,0.9000000000000001,-19.50595664648351
BoW Corpus,4,0.7000000000000001,0.1,-19.50595664648351
BoW Corpus,4,0.7000000000000001,0.30000000000000004,-19.50595664648351
BoW Corpus,4,0.7000000000000001,0.5000000000000001,-19.50595664648351
BoW Corpus,4,0.7000000000000001,0.7000000000000001,-19.50595664648351
BoW Corpus,4,0.7000000000000001,0.9000000000000001,-19.50595664648351
BoW Corpus,4,0.8,0.1,-19.50595664648351
BoW Corpus,4,0.8,0.30000000000000004,-19.50595664648351
BoW Corpus,4,0.8,0.5000000000000001,-19.50595664648351
BoW Corpus,4,0.8,0.7000000000000001,-19.50595664648351
BoW Corpus,4,0.8,0.9000000000000001,-19.50595664648351
BoW Corpus,4,0.9,0.1,-19.50595664648351
BoW Corpus,4,0.9,0.30000000000000004,-19.50595664648351
BoW Corpus,4,0.9,0.5000000000000001,-19.50595664648351
BoW Corpus,4,0.9,0.7000000000000001,-19.50595664648351
BoW Corpus,4,0.9,0.9000000000000001,-19.50595664648351
BoW Corpus,5,0.1,0.1,-19.342257464418356
BoW Corpus,5,0.1,0.30000000000000004,-19.342257464418356
BoW Corpus,5,0.1,0.5000000000000001,-19.342257464418356
BoW Corpus,5,0.1,0.7000000000000001,-19.342257464418356
BoW Corpus,5,0.1,0.9000000000000001,-19.342257464418356
BoW Corpus,5,0.2,0.1,-19.3415818287487
BoW Corpus,5,0.2,0.30000000000000004,-19.3415818287487
BoW Corpus,5,0.2,0.5000000000000001,-19.3415818287487
BoW Corpus,5,0.2,0.7000000000000001,-19.3415818287487
BoW Corpus,5,0.2,0.9000000000000001,-19.3415818287487
BoW Corpus,5,0.30000000000000004,0.1,-19.34312628485778
BoW Corpus,5,0.30000000000000004,0.30000000000000004,-19.34312628485778
BoW Corpus,5,0.30000000000000004,0.5000000000000001,-19.34312628485778
BoW Corpus,5,0.30000000000000004,0.7000000000000001,-19.34312628485778
BoW Corpus,5,0.30000000000000004,0.9000000000000001,-19.34312628485778
BoW Corpus,5,0.4,0.1,-19.343663996040693
BoW Corpus,5,0.4,0.30000000000000004,-19.343663996040693
BoW Corpus,5,0.4,0.5000000000000001,-19.343663996040693
BoW Corpus,5,0.4,0.7000000000000001,-19.343663996040693
BoW Corpus,5,0.4,0.9000000000000001,-19.343663996040693
BoW Corpus,5,0.5,0.1,-19.346570795315564
BoW Corpus,5,0.5,0.30000000000000004,-19.346570795315564
BoW Corpus,5,0.5,0.5000000000000001,-19.346570795315564
BoW Corpus,5,0.5,0.7000000000000001,-19.346570795315564
BoW Corpus,5,0.5,0.9000000000000001,-19.346570795315564
BoW Corpus,5,0.6,0.1,-19.34506331752909
BoW Corpus,5,0.6,0.30000000000000004,-19.34506331752909
BoW Corpus,5,0.6,0.5000000000000001,-19.34506331752909
BoW Corpus,5,0.6,0.7000000000000001,-19.34506331752909
BoW Corpus,5,0.6,0.9000000000000001,-19.34506331752909
BoW Corpus,5,0.7000000000000001,0.1,-19.343526786428843
BoW Corpus,5,0.7000000000000001,0.30000000000000004,-19.343526786428843
BoW Corpus,5,0.7000000000000001,0.5000000000000001,-19.343526786428843
BoW Corpus,5,0.7000000000000001,0.7000000000000001,-19.343526786428843
BoW Corpus,5,0.7000000000000001,0.9000000000000001,-19.343526786428843
BoW Corpus,5,0.8,0.1,-19.345344913742622
BoW Corpus,5,0.8,0.30000000000000004,-19.345344913742622
BoW Corpus,5,0.8,0.5000000000000001,-19.345344913742622
BoW Corpus,5,0.8,0.7000000000000001,-19.345344913742622
BoW Corpus,5,0.8,0.9000000000000001,-19.345344913742622
BoW Corpus,5,0.9,0.1,-19.34782707096815
BoW Corpus,5,0.9,0.30000000000000004,-19.34782707096815
BoW Corpus,5,0.9,0.5000000000000001,-19.34782707096815
BoW Corpus,5,0.9,0.7000000000000001,-19.34782707096815
BoW Corpus,5,0.9,0.9000000000000001,-19.34782707096815
BoW Corpus,6,0.1,0.1,-19.401550906349346
BoW Corpus,6,0.1,0.30000000000000004,-19.401550906349346
BoW Corpus,6,0.1,0.5000000000000001,-19.401550906349346
BoW Corpus,6,0.1,0.7000000000000001,-19.401550906349346
BoW Corpus,6,0.1,0.9000000000000001,-19.401550906349346
BoW Corpus,6,0.2,0.1,-19.352419905910306
BoW Corpus,6,0.2,0.30000000000000004,-19.352419905910306
BoW Corpus,6,0.2,0.5000000000000001,-19.352419905910306
BoW Corpus,6,0.2,0.7000000000000001,-19.352419905910306
BoW Corpus,6,0.2,0.9000000000000001,-19.352419905910306
BoW Corpus,6,0.30000000000000004,0.1,-19.35416946218128
BoW Corpus,6,0.30000000000000004,0.30000000000000004,-19.35416946218128
BoW Corpus,6,0.30000000000000004,0.5000000000000001,-19.35416946218128
BoW Corpus,6,0.30000000000000004,0.7000000000000001,-19.35416946218128
BoW Corpus,6,0.30000000000000004,0.9000000000000001,-19.35416946218128
BoW Corpus,6,0.4,0.1,-19.353059966587807
BoW Corpus,6,0.4,0.30000000000000004,-19.353059966587807
BoW Corpus,6,0.4,0.5000000000000001,-19.353059966587807
BoW Corpus,6,0.4,0.7000000000000001,-19.353059966587807
BoW Corpus,6,0.4,0.9000000000000001,-19.353059966587807
BoW Corpus,6,0.5,0.1,-19.35540512566645
BoW Corpus,6,0.5,0.30000000000000004,-19.35540512566645
BoW Corpus,6,0.5,0.5000000000000001,-19.35540512566645
BoW Corpus,6,0.5,0.7000000000000001,-19.35540512566645
BoW Corpus,6,0.5,0.9000000000000001,-19.35540512566645
BoW Corpus,6,0.6,0.1,-19.356448952041237
BoW Corpus,6,0.6,0.30000000000000004,-19.356448952041237
BoW Corpus,6,0.6,0.5000000000000001,-19.356448952041237
BoW Corpus,6,0.6,0.7000000000000001,-19.356448952041237
BoW Corpus,6,0.6,0.9000000000000001,-19.356448952041237
BoW Corpus,6,0.7000000000000001,0.1,-19.356496039891642
BoW Corpus,6,0.7000000000000001,0.30000000000000004,-19.356496039891642
BoW Corpus,6,0.7000000000000001,0.5000000000000001,-19.356496039891642
BoW Corpus,6,0.7000000000000001,0.7000000000000001,-19.356496039891642
BoW Corpus,6,0.7000000000000001,0.9000000000000001,-19.356496039891642
BoW Corpus,6,0.8,0.1,-19.356192859972563
BoW Corpus,6,0.8,0.30000000000000004,-19.356192859972563
BoW Corpus,6,0.8,0.5000000000000001,-19.356192859972563
BoW Corpus,6,0.8,0.7000000000000001,-19.356192859972563
BoW Corpus,6,0.8,0.9000000000000001,-19.356192859972563
BoW Corpus,6,0.9,0.1,-19.354544815370616
BoW Corpus,6,0.9,0.30000000000000004,-19.354544815370616
BoW Corpus,6,0.9,0.5000000000000001,-19.354544815370616
BoW Corpus,6,0.9,0.7000000000000001,-19.354544815370616
BoW Corpus,6,0.9,0.9000000000000001,-19.354544815370616
BoW Corpus,7,0.1,0.1,-19.474287678073598
BoW Corpus,7,0.1,0.30000000000000004,-19.474287678073598
BoW Corpus,7,0.1,0.5000000000000001,-19.474287678073598
BoW Corpus,7,0.1,0.7000000000000001,-19.474287678073598
BoW Corpus,7,0.1,0.9000000000000001,-19.474287678073598
BoW Corpus,7,0.2,0.1,-19.47558634044058
BoW Corpus,7,0.2,0.30000000000000004,-19.47558634044058
BoW Corpus,7,0.2,0.5000000000000001,-19.47558634044058
BoW Corpus,7,0.2,0.7000000000000001,-19.47558634044058
BoW Corpus,7,0.2,0.9000000000000001,-19.47558634044058
BoW Corpus,7,0.30000000000000004,0.1,-19.4765084800347
BoW Corpus,7,0.30000000000000004,0.30000000000000004,-19.4765084800347
BoW Corpus,7,0.30000000000000004,0.5000000000000001,-19.4765084800347
BoW Corpus,7,0.30000000000000004,0.7000000000000001,-19.4765084800347
BoW Corpus,7,0.30000000000000004,0.9000000000000001,-19.4765084800347
BoW Corpus,7,0.4,0.1,-19.517966310240922
BoW Corpus,7,0.4,0.30000000000000004,-19.517966310240922
BoW Corpus,7,0.4,0.5000000000000001,-19.517966310240922
BoW Corpus,7,0.4,0.7000000000000001,-19.517966310240922
BoW Corpus,7,0.4,0.9000000000000001,-19.517966310240922
BoW Corpus,7,0.5,0.1,-19.490875306146485
BoW Corpus,7,0.5,0.30000000000000004,-19.490875306146485
BoW Corpus,7,0.5,0.5000000000000001,-19.490875306146485
BoW Corpus,7,0.5,0.7000000000000001,-19.490875306146485
BoW Corpus,7,0.5,0.9000000000000001,-19.490875306146485
BoW Corpus,7,0.6,0.1,-19.490950556867208
BoW Corpus,7,0.6,0.30000000000000004,-19.490950556867208
BoW Corpus,7,0.6,0.5000000000000001,-19.490950556867208
BoW Corpus,7,0.6,0.7000000000000001,-19.490950556867208
BoW Corpus,7,0.6,0.9000000000000001,-19.490950556867208
BoW Corpus,7,0.7000000000000001,0.1,-19.492444150971867
BoW Corpus,7,0.7000000000000001,0.30000000000000004,-19.492444150971867
BoW Corpus,7,0.7000000000000001,0.5000000000000001,-19.492444150971867
BoW Corpus,7,0.7000000000000001,0.7000000000000001,-19.492444150971867
BoW Corpus,7,0.7000000000000001,0.9000000000000001,-19.492444150971867
BoW Corpus,7,0.8,0.1,-19.463967643188003
BoW Corpus,7,0.8,0.30000000000000004,-19.463967643188003
BoW Corpus,7,0.8,0.5000000000000001,-19.463967643188003
BoW Corpus,7,0.8,0.7000000000000001,-19.463967643188003
BoW Corpus,7,0.8,0.9000000000000001,-19.463967643188003
BoW Corpus,7,0.9,0.1,-19.464351722604366
BoW Corpus,7,0.9,0.30000000000000004,-19.464351722604366
BoW Corpus,7,0.9,0.5000000000000001,-19.464351722604366
BoW Corpus,7,0.9,0.7000000000000001,-19.464351722604366
BoW Corpus,7,0.9,0.9000000000000001,-19.464351722604366
BoW Corpus,8,0.1,0.1,-19.314622389761983
BoW Corpus,8,0.1,0.30000000000000004,-19.314622389761983
BoW Corpus,8,0.1,0.5000000000000001,-19.314622389761983
BoW Corpus,8,0.1,0.7000000000000001,-19.314622389761983
BoW Corpus,8,0.1,0.9000000000000001,-19.314622389761983
BoW Corpus,8,0.2,0.1,-19.3157844021441
BoW Corpus,8,0.2,0.30000000000000004,-19.3157844021441
BoW Corpus,8,0.2,0.5000000000000001,-19.3157844021441
BoW Corpus,8,0.2,0.7000000000000001,-19.3157844021441
BoW Corpus,8,0.2,0.9000000000000001,-19.3157844021441
BoW Corpus,8,0.30000000000000004,0.1,-19.316662151065138
BoW Corpus,8,0.30000000000000004,0.30000000000000004,-19.316662151065138
BoW Corpus,8,0.30000000000000004,0.5000000000000001,-19.316662151065138
BoW Corpus,8,0.30000000000000004,0.7000000000000001,-19.316662151065138
BoW Corpus,8,0.30000000000000004,0.9000000000000001,-19.316662151065138
BoW Corpus,8,0.4,0.1,-19.31510553081264
BoW Corpus,8,0.4,0.30000000000000004,-19.31510553081264
BoW Corpus,8,0.4,0.5000000000000001,-19.31510553081264
BoW Corpus,8,0.4,0.7000000000000001,-19.31510553081264
BoW Corpus,8,0.4,0.9000000000000001,-19.31510553081264
BoW Corpus,8,0.5,0.1,-19.278054052116538
BoW Corpus,8,0.5,0.30000000000000004,-19.278054052116538
BoW Corpus,8,0.5,0.5000000000000001,-19.278054052116538
BoW Corpus,8,0.5,0.7000000000000001,-19.278054052116538
BoW Corpus,8,0.5,0.9000000000000001,-19.278054052116538
BoW Corpus,8,0.6,0.1,-19.27932469820418
BoW Corpus,8,0.6,0.30000000000000004,-19.27932469820418
BoW Corpus,8,0.6,0.5000000000000001,-19.27932469820418
BoW Corpus,8,0.6,0.7000000000000001,-19.27932469820418
BoW Corpus,8,0.6,0.9000000000000001,-19.27932469820418
BoW Corpus,8,0.7000000000000001,0.1,-19.24972051273779
BoW Corpus,8,0.7000000000000001,0.30000000000000004,-19.24972051273779
BoW Corpus,8,0.7000000000000001,0.5000000000000001,-19.24972051273779
BoW Corpus,8,0.7000000000000001,0.7000000000000001,-19.24972051273779
BoW Corpus,8,0.7000000000000001,0.9000000000000001,-19.24972051273779
BoW Corpus,8,0.8,0.1,-19.24792267463139
BoW Corpus,8,0.8,0.30000000000000004,-19.24792267463139
BoW Corpus,8,0.8,0.5000000000000001,-19.24792267463139
BoW Corpus,8,0.8,0.7000000000000001,-19.24792267463139
BoW Corpus,8,0.8,0.9000000000000001,-19.24792267463139
BoW Corpus,8,0.9,0.1,-19.249167166820918
BoW Corpus,8,0.9,0.30000000000000004,-19.249167166820918
BoW Corpus,8,0.9,0.5000000000000001,-19.249167166820918
BoW Corpus,8,0.9,0.7000000000000001,-19.249167166820918
BoW Corpus,8,0.9,0.9000000000000001,-19.249167166820918
BoW Corpus,9,0.1,0.1,-19.383384090515175
BoW Corpus,9,0.1,0.30000000000000004,-19.383384090515175
BoW Corpus,9,0.1,0.5000000000000001,-19.383384090515175
BoW Corpus,9,0.1,0.7000000000000001,-19.383384090515175
BoW Corpus,9,0.1,0.9000000000000001,-19.383384090515175
BoW Corpus,9,0.2,0.1,-19.383030323557932
BoW Corpus,9,0.2,0.30000000000000004,-19.383030323557932
BoW Corpus,9,0.2,0.5000000000000001,-19.383030323557932
BoW Corpus,9,0.2,0.7000000000000001,-19.383030323557932
BoW Corpus,9,0.2,0.9000000000000001,-19.383030323557932
BoW Corpus,9,0.30000000000000004,0.1,-19.386495477685063
BoW Corpus,9,0.30000000000000004,0.30000000000000004,-19.386495477685063
BoW Corpus,9,0.30000000000000004,0.5000000000000001,-19.386495477685063
BoW Corpus,9,0.30000000000000004,0.7000000000000001,-19.386495477685063
BoW Corpus,9,0.30000000000000004,0.9000000000000001,-19.386495477685063
BoW Corpus,9,0.4,0.1,-19.354226848773024
BoW Corpus,9,0.4,0.30000000000000004,-19.354226848773024
BoW Corpus,9,0.4,0.5000000000000001,-19.354226848773024
BoW Corpus,9,0.4,0.7000000000000001,-19.354226848773024
BoW Corpus,9,0.4,0.9000000000000001,-19.354226848773024
BoW Corpus,9,0.5,0.1,-19.356064112949113
BoW Corpus,9,0.5,0.30000000000000004,-19.356064112949113
BoW Corpus,9,0.5,0.5000000000000001,-19.356064112949113
BoW Corpus,9,0.5,0.7000000000000001,-19.356064112949113
BoW Corpus,9,0.5,0.9000000000000001,-19.356064112949113
BoW Corpus,9,0.6,0.1,-19.356650839328562
BoW Corpus,9,0.6,0.30000000000000004,-19.356650839328562
BoW Corpus,9,0.6,0.5000000000000001,-19.356650839328562
BoW Corpus,9,0.6,0.7000000000000001,-19.356650839328562
BoW Corpus,9,0.6,0.9000000000000001,-19.356650839328562
BoW Corpus,9,0.7000000000000001,0.1,-19.35715042464779
BoW Corpus,9,0.7000000000000001,0.30000000000000004,-19.35715042464779
BoW Corpus,9,0.7000000000000001,0.5000000000000001,-19.35715042464779
BoW Corpus,9,0.7000000000000001,0.7000000000000001,-19.35715042464779
BoW Corpus,9,0.7000000000000001,0.9000000000000001,-19.35715042464779
BoW Corpus,9,0.8,0.1,-19.323622140151283
BoW Corpus,9,0.8,0.30000000000000004,-19.323622140151283
BoW Corpus,9,0.8,0.5000000000000001,-19.323622140151283
BoW Corpus,9,0.8,0.7000000000000001,-19.323622140151283
BoW Corpus,9,0.8,0.9000000000000001,-19.323622140151283
BoW Corpus,9,0.9,0.1,-19.325250231442556
BoW Corpus,9,0.9,0.30000000000000004,-19.325250231442556
BoW Corpus,9,0.9,0.5000000000000001,-19.325250231442556
BoW Corpus,9,0.9,0.7000000000000001,-19.325250231442556
BoW Corpus,9,0.9,0.9000000000000001,-19.325250231442556
